date,tests,newCases,activeCases,severeCases,recovered,deaths,rt
2020-01-16,,1.0,,,,,
2020-01-17,,0.0,,,,,
2020-01-18,,0.0,,,,,
2020-01-19,,0.0,,,,,
2020-01-20,,0.0,,,,,
2020-01-21,,0.0,,,,,
2020-01-22,,0.0,,,,,
2020-01-23,,0.0,,,,,
2020-01-24,,1.0,,,,,
2020-01-25,,1.0,,,,,
2020-01-26,,1.0,,,,,
2020-01-27,,0.0,,,,,
2020-01-28,,3.0,,,,,
2020-01-29,,1.0,,,,1.0,
2020-01-30,,4.0,,,,1.0,
2020-01-31,,0.0,,,,1.0,
2020-02-01,,0.0,,,,1.0,
2020-02-02,,0.0,,,,1.0,
2020-02-03,,0.0,,,,1.0,
2020-02-04,,1.0,15.0,,,1.0,
2020-02-05,4,2.0,16.0,0.0,,4.0,
2020-02-06,19,0.0,12.0,0.0,,4.0,
2020-02-07,9,0.0,12.0,0.0,,6.0,
2020-02-08,4,0.0,7.0,0.0,,9.0,
2020-02-09,10,0.0,7.0,0.0,,9.0,
2020-02-10,12,0.0,7.0,0.0,,9.0,
2020-02-11,4,1.0,6.0,0.0,,10.0,
2020-02-12,10,1.0,6.0,0.0,,11.0,
2020-02-13,16,3.0,6.0,0.0,,11.0,
2020-02-14,43,5.0,9.0,2.0,1.0,12.0,
2020-02-15,86,4.0,24.0,3.0,1.0,12.0,
2020-02-16,65,1.0,24.0,3.0,1.0,13.0,
2020-02-17,113,6.0,24.0,3.0,1.0,12.0,
2020-02-18,9,8.0,31.0,6.0,1.0,14.0,
2020-02-19,71,9.0,35.0,7.0,1.0,16.0,
2020-02-20,90,8.0,52.0,9.0,1.0,16.0,
2020-02-21,85,13.0,62.0,10.0,1.0,16.0,
2020-02-22,96,23.0,96.0,11.0,1.0,17.0,
2020-02-23,39,10.0,108.0,13.0,1.0,17.0,
2020-02-24,104,16.0,121.0,14.0,1.0,18.0,
2020-02-25,44,8.0,125.0,15.0,1.0,23.0,
2020-02-26,168,22.0,138.0,16.0,1.0,23.0,
2020-02-27,151,24.0,161.0,20.0,3.0,30.0,
2020-02-28,130,19.0,176.0,22.0,4.0,30.0,
2020-02-29,178,9.0,188.0,23.0,5.0,31.0,
2020-03-01,96,14.0,201.0,23.0,5.0,31.0,1.31
2020-03-02,71,14.0,212.0,24.0,6.0,32.0,1.18
2020-03-03,153,22.0,226.0,24.0,6.0,35.0,1.29
2020-03-04,3940,34.0,258.0,27.0,6.0,37.0,1.25
2020-03-05,699,33.0,271.0,30.0,6.0,38.0,1.17
2020-03-06,553,54.0,323.0,28.0,6.0,56.0,1.32
2020-03-07,147,44.0,366.0,33.0,6.0,63.0,1.64
2020-03-08,110,35.0,377.0,33.0,6.0,67.0,1.7
2020-03-09,1314,27.0,400.0,31.0,7.0,88.0,1.79
2020-03-10,424,60.0,437.0,26.0,9.0,89.0,1.82
2020-03-11,181,52.0,481.0,29.0,12.0,103.0,1.78
2020-03-12,1855,55.0,520.0,32.0,15.0,108.0,1.79
2020-03-13,859,34.0,548.0,35.0,19.0,120.0,1.46
2020-03-14,107,62.0,591.0,36.0,21.0,129.0,1.34
2020-03-15,42,29.0,603.0,41.0,22.0,142.0,1.24
2020-03-16,2083,16.0,621.0,46.0,24.0,149.0,1.16
2020-03-17,203,45.0,645.0,46.0,28.0,156.0,1.01
2020-03-18,,39.0,659.0,49.0,29.0,176.0,0.94
2020-03-19,3490,39.0,681.0,50.0,31.0,200.0,0.86
2020-03-20,119,52.0,723.0,55.0,33.0,212.0,0.94
2020-03-21,132,35.0,719.0,57.0,35.0,217.0,0.84
2020-03-22,56,45.0,743.0,54.0,36.0,257.0,0.89
2020-03-23,3862,39.0,763.0,55.0,41.0,270.0,0.97
2020-03-24,,89.0,816.0,57.0,42.0,285.0,1.11
2020-03-25,674,93.0,855.0,56.0,43.0,294.0,1.27
2020-03-26,1805,93.0,920.0,57.0,45.0,343.0,1.45
2020-03-27,1442,96.0,948.0,60.0,46.0,356.0,1.48
2020-03-28,296,222.0,1187.0,59.0,49.0,388.0,2.01
2020-03-29,206,151.0,1358.0,59.0,52.0,408.0,2.13
2020-03-30,3481,80.0,1423.0,59.0,54.0,408.0,2.09
2020-03-31,1914,227.0,1594.0,60.0,56.0,408.0,2.11
2020-04-01,,257.0,1757.0,62.0,57.0,456.0,2.12
2020-04-02,4685,281.0,1980.0,64.0,60.0,489.0,2.16
2020-04-03,3305,353.0,2227.0,69.0,63.0,498.0,2.3
2020-04-04,271,365.0,2553.0,70.0,69.0,559.0,1.94
2020-04-05,218,346.0,2921.0,79.0,70.0,568.0,1.89
2020-04-06,7876,248.0,3132.0,80.0,73.0,575.0,1.94
2020-04-07,4544,365.0,3472.0,99.0,80.0,605.0,1.81
2020-04-08,1383,522.0,3914.0,109.0,81.0,615.0,1.76
2020-04-09,2841,574.0,4461.0,117.0,85.0,668.0,1.7
2020-04-10,5389,640.0,5063.0,122.0,88.0,697.0,1.61
2020-04-11,1644,644.0,5751.0,129.0,94.0,745.0,1.61
2020-04-12,57,486.0,6239.0,135.0,98.0,767.0,1.54
2020-04-13,9252,387.0,6564.0,152.0,102.0,782.0,1.49
2020-04-14,8255,446.0,6961.0,168.0,109.0,836.0,1.44
2020-04-15,693,552.0,7388.0,193.0,119.0,884.0,1.34
2020-04-16,5325,558.0,7884.0,207.0,136.0,918.0,1.23
2020-04-17,4149,572.0,8448.0,211.0,148.0,995.0,1.13
2020-04-18,1004,577.0,8916.0,217.0,154.0,1052.0,1.05
2020-04-19,2953,377.0,9215.0,231.0,161.0,1142.0,1.0
2020-04-20,6816,346.0,9449.0,232.0,171.0,1222.0,0.96
2020-04-21,5542,389.0,9740.0,241.0,186.0,1339.0,0.94
2020-04-22,4415,446.0,10082.0,259.0,277.0,2023.0,0.91
2020-04-23,5349,439.0,10469.0,263.0,287.0,2391.0,0.89
2020-04-24,5187,444.0,10801.0,287.0,317.0,2519.0,0.87
2020-04-25,1250,371.0,11046.0,296.0,334.0,2645.0,0.84
2020-04-26,1136,224.0,11175.0,300.0,348.0,2798.0,0.83
2020-04-27,8545,182.0,11252.0,305.0,351.0,2888.0,0.8
2020-04-28,3244,279.0,11427.0,306.0,376.0,3170.0,0.78
2020-04-29,879,217.0,11585.0,308.0,389.0,3357.0,0.74
2020-04-30,8126,202.0,11424.0,328.0,415.0,3449.0,0.7
2020-05-01,6820,282.0,11558.0,324.0,432.0,3964.0,0.68
2020-05-02,880,288.0,11724.0,321.0,458.0,4194.0,0.69
2020-05-03,1012,195.0,11823.0,308.0,492.0,4368.0,0.71
2020-05-04,1332,181.0,11935.0,309.0,510.0,4479.0,0.74
2020-05-05,1569,119.0,11731.0,308.0,521.0,4570.0,0.71
2020-05-06,447,104.0,11638.0,300.0,543.0,4901.0,0.72
2020-05-07,13005,107.0,11286.0,287.0,551.0,5129.0,0.75
2020-05-08,10680,88.0,6302.0,266.0,600.0,8110.0,0.71
2020-05-09,2265,108.0,6250.0,267.0,613.0,8276.0,0.64
2020-05-10,3995,66.0,6074.0,249.0,621.0,8514.0,0.58
2020-05-11,5993,58.0,5914.0,243.0,643.0,8903.0,0.52
2020-05-12,288,87.0,5162.0,259.0,668.0,9851.0,0.53
2020-05-13,10074,55.0,4732.0,245.0,687.0,10321.0,0.53
2020-05-14,5866,99.0,4339.0,237.0,710.0,10792.0,0.56
2020-05-15,3092,55.0,4025.0,232.0,725.0,11136.0,0.6
2020-05-16,4337,56.0,3787.0,230.0,744.0,11398.0,0.63
2020-05-17,4987,29.0,3667.0,228.0,749.0,11547.0,0.67
2020-05-18,5980,30.0,3400.0,213.0,763.0,11867.0,0.72
2020-05-19,3221,32.0,3009.0,210.0,771.0,12269.0,0.67
2020-05-20,3669,37.0,2799.0,195.0,777.0,12655.0,0.69
2020-05-21,4580,45.0,2495.0,176.0,796.0,12988.0,0.61
2020-05-22,3495,30.0,2293.0,174.0,808.0,13227.0,0.6
2020-05-23,2769,30.0,2130.0,168.0,820.0,13396.0,0.6
2020-05-24,1252,40.0,2111.0,165.0,830.0,13446.0,0.66
2020-05-25,3620,22.0,1939.0,155.0,846.0,13643.0,0.67
2020-05-26,2994,27.0,1788.0,147.0,858.0,13806.0,0.73
2020-05-27,3004,37.0,1637.0,136.0,867.0,13979.0,0.76
2020-05-28,3981,62.0,1556.0,131.0,874.0,14085.0,0.91
2020-05-29,3501,63.0,1466.0,123.0,886.0,14237.0,1.06
2020-05-30,2652,46.0,1452.0,119.0,891.0,14290.0,1.19
2020-05-31,1657,33.0,1436.0,115.0,892.0,14333.0,1.13
2020-06-01,3789,36.0,1341.0,113.0,894.0,14481.0,1.2
2020-06-02,4526,51.0,1272.0,101.0,900.0,14605.0,1.28
2020-06-03,3979,26.0,1207.0,102.0,903.0,14690.0,1.25
2020-06-04,4600,45.0,1141.0,98.0,907.0,14795.0,1.15
2020-06-05,4939,41.0,1064.0,99.0,914.0,14901.0,0.99
2020-06-06,3220,45.0,1042.0,98.0,916.0,14961.0,0.95
2020-06-07,1725,32.0,1060.0,99.0,916.0,14970.0,0.97
2020-06-08,4516,22.0,1028.0,92.0,916.0,15035.0,0.9
2020-06-09,4600,30.0,965.0,91.0,919.0,15120.0,0.8
2020-06-10,5092,36.0,923.0,88.0,920.0,15200.0,0.85
2020-06-11,4573,40.0,854.0,82.0,922.0,15308.0,0.87
2020-06-12,5145,57.0,810.0,76.0,924.0,15395.0,0.96
2020-06-13,2633,43.0,801.0,73.0,925.0,15451.0,0.96
2020-06-14,1451,62.0,819.0,71.0,925.0,15493.0,1.04
2020-06-15,4300,60.0,871.0,80.0,927.0,15508.0,1.17
2020-06-16,4462,42.0,760.0,70.0,931.0,15657.0,1.28
2020-06-17,1348,43.0,712.0,62.0,935.0,15737.0,1.26
2020-06-18,6176,68.0,707.0,62.0,935.0,15811.0,1.35
2020-06-19,4823,54.0,677.0,61.0,952.0,15880.0,1.28
2020-06-20,2474,65.0,711.0,59.0,953.0,15911.0,1.35
2020-06-21,4127,48.0,732.0,59.0,953.0,15936.0,1.21
2020-06-22,5376,40.0,706.0,62.0,955.0,16007.0,1.07
2020-06-23,3722,53.0,698.0,60.0,963.0,16058.0,1.06
2020-06-24,4979,89.0,713.0,58.0,967.0,16116.0,1.14
2020-06-25,4455,79.0,727.0,51.0,968.0,16188.0,1.1
2020-06-26,4758,99.0,757.0,48.0,970.0,16248.0,1.19
2020-06-27,3533,88.0,790.0,45.0,970.0,16301.0,1.18
2020-06-28,1513,111.0,822.0,43.0,971.0,16353.0,1.32
2020-06-29,5510,110.0,869.0,42.0,971.0,16424.0,1.49
2020-06-30,4651,132.0,897.0,40.0,973.0,16522.0,1.59
2020-07-01,6564,125.0,1006.0,37.0,974.0,16563.0,1.51
2020-07-02,5460,194.0,1105.0,33.0,975.0,16654.0,1.64
2020-07-03,6597,249.0,1224.0,32.0,976.0,16747.0,1.72
2020-07-04,3134,268.0,1386.0,33.0,976.0,16838.0,1.87
2020-07-05,2618,195.0,1552.0,34.0,976.0,16892.0,1.8
2020-07-06,8228,174.0,1671.0,36.0,977.0,16981.0,1.71
2020-07-07,7099,203.0,1721.0,35.0,979.0,17115.0,1.63
2020-07-08,7725,203.0,1776.0,38.0,980.0,17250.0,1.64
2020-07-09,7700,352.0,1929.0,31.0,981.0,17436.0,1.59
2020-07-10,8955,418.0,2139.0,33.0,981.0,17633.0,1.52
2020-07-11,5362,374.0,2339.0,32.0,981.0,17787.0,1.41
2020-07-12,1838,390.0,2587.0,34.0,981.0,17887.0,1.44
2020-07-13,10552,246.0,2754.0,40.0,981.0,18066.0,1.42
2020-07-14,11154,326.0,2789.0,38.0,983.0,18312.0,1.42
2020-07-15,11343,438.0,2885.0,37.0,984.0,18580.0,1.47
2020-07-16,16683,619.0,3191.0,39.0,984.0,18862.0,1.47
2020-07-17,12994,588.0,3560.0,41.0,984.0,19132.0,1.43
2020-07-18,7166,654.0,3865.0,43.0,984.0,19342.0,1.46
2020-07-19,3262,501.0,4113.0,47.0,984.0,19523.0,1.4
2020-07-20,15959,405.0,4345.0,52.0,987.0,19921.0,1.41
2020-07-21,12114,618.0,4421.0,55.0,988.0,20403.0,1.43
2020-07-22,16357,792.0,4751.0,59.0,989.0,20787.0,1.43
2020-07-23,8310,966.0,5369.0,68.0,991.0,21080.0,1.4
2020-07-24,5695,766.0,5949.0,64.0,992.0,21319.0,1.38
2020-07-25,9530,796.0,6315.0,66.0,995.0,21514.0,1.33
2020-07-26,3785,834.0,6573.0,67.0,995.0,21868.0,1.36
2020-07-27,24182,583.0,6828.0,76.0,997.0,22560.0,1.35
2020-07-28,18086,971.0,7063.0,81.0,1000.0,23256.0,1.33
2020-07-29,18669,1245.0,7508.0,90.0,1003.0,23928.0,1.32
2020-07-30,19687,1305.0,8062.0,87.0,1005.0,24678.0,1.3
2020-07-31,17354,1575.0,8945.0,80.0,1010.0,25253.0,1.37
2020-08-01,9606,1537.0,9950.0,84.0,1011.0,25839.0,1.44
2020-08-02,10599,1325.0,10330.0,83.0,1011.0,26236.0,1.43
2020-08-03,25794,941.0,9887.0,88.0,1015.0,26943.0,1.44
2020-08-04,18740,1240.0,11337.0,104.0,1021.0,27772.0,1.4
2020-08-05,39723,1344.0,11881.0,116.0,1025.0,28739.0,1.34
2020-08-06,22015,1479.0,12167.0,132.0,1032.0,29915.0,1.31
2020-08-07,22698,1597.0,12382.0,139.0,1036.0,30961.0,1.2
2020-08-08,13676,1521.0,13011.0,156.0,1039.0,32059.0,1.12
2020-08-09,13336,1485.0,13633.0,162.0,1046.0,32805.0,1.09
2020-08-10,6440,829.0,13724.0,171.0,1051.0,33722.0,1.05
2020-08-11,32939,691.0,13612.0,177.0,1058.0,34635.0,0.98
2020-08-12,25782,969.0,13289.0,203.0,1062.0,35858.0,0.95
2020-08-13,21062,1175.0,13043.0,211.0,1072.0,37165.0,0.91
2020-08-14,55240,1355.0,12984.0,229.0,1084.0,38600.0,0.89
2020-08-15,11750,1233.0,13084.0,232.0,1087.0,39715.0,0.87
2020-08-16,7438,1015.0,13020.0,242.0,1098.0,40794.0,0.82
2020-08-17,25835,630.0,12778.0,243.0,1114.0,41853.0,0.81
2020-08-18,21130,903.0,12097.0,239.0,1127.0,43379.0,0.86
2020-08-19,21937,1078.0,11702.0,237.0,1143.0,44771.0,0.9
2020-08-20,21889,1176.0,11727.0,247.0,1154.0,45938.0,0.92
2020-08-21,21866,1035.0,11615.0,246.0,1168.0,47045.0,0.91
2020-08-22,13348,985.0,11747.0,258.0,1175.0,47946.0,0.91
2020-08-23,10953,737.0,11731.0,262.0,1180.0,48716.0,0.93
2020-08-24,22051,491.0,11225.0,255.0,1195.0,49794.0,0.93
2020-08-25,18238,709.0,10663.0,251.0,1208.0,51034.0,0.89
2020-08-26,19353,893.0,10323.0,243.0,1225.0,52169.0,0.86
2020-08-27,21546,870.0,10127.0,232.0,1237.0,53318.0,0.83
2020-08-28,18597,869.0,9708.0,233.0,1254.0,54650.0,0.84
2020-08-29,12915,841.0,9705.0,237.0,1263.0,55471.0,0.85
2020-08-30,9577,598.0,9658.0,239.0,1278.0,56109.0,0.86
2020-08-31,21529,430.0,9142.0,237.0,1295.0,57130.0,0.86
2020-09-01,18131,624.0,9111.0,228.0,1306.0,57735.0,0.87
2020-09-02,24123,585.0,8608.0,221.0,1318.0,58827.0,0.85
2020-09-03,22991,654.0,8371.0,217.0,1329.0,59720.0,0.86
2020-09-04,15457,582.0,7965.0,214.0,1348.0,60726.0,0.83
2020-09-05,11930,598.0,7917.0,215.0,1356.0,61357.0,0.82
2020-09-06,4175,447.0,7877.0,214.0,1362.0,61817.0,0.81
2020-09-07,24012,285.0,7449.0,207.0,1376.0,62563.0,0.79
2020-09-08,14637,510.0,7108.0,207.0,1392.0,63381.0,0.79
2020-09-09,23072,507.0,6849.0,202.0,1405.0,64116.0,0.81
2020-09-10,22306,709.0,6771.0,195.0,1411.0,64871.0,0.85
2020-09-11,16479,637.0,6693.0,194.0,1422.0,65561.0,0.89
2020-09-12,10545,639.0,6763.0,184.0,1438.0,66180.0,0.94
2020-09-13,472,438.0,6849.0,190.0,1441.0,66504.0,0.96
2020-09-14,25446,262.0,6573.0,179.0,1450.0,67073.0,0.99
2020-09-15,20163,530.0,6353.0,183.0,1460.0,67754.0,1.01
2020-09-16,18314,543.0,6179.0,172.0,1472.0,68473.0,1.03
2020-09-17,23313,478.0,6018.0,176.0,1481.0,69117.0,0.98
2020-09-18,17605,569.0,6032.0,166.0,1494.0,69700.0,0.95
2020-09-19,9530,592.0,6027.0,165.0,1499.0,70231.0,0.94
2020-09-20,6153,469.0,6132.0,169.0,1499.0,70597.0,0.95
2020-09-21,2778,306.0,6169.0,169.0,1507.0,70841.0,0.96
2020-09-22,3386,321.0,6126.0,170.0,1511.0,71174.0,0.91
2020-09-23,26925,216.0,5905.0,170.0,1519.0,71699.0,0.84
2020-09-24,19021,475.0,5384.0,167.0,1531.0,72643.0,0.88
2020-09-25,28526,567.0,5265.0,160.0,1539.0,73304.0,0.89
2020-09-26,10522,634.0,5451.0,164.0,1544.0,73739.0,0.91
2020-09-27,4550,478.0,5501.0,163.0,1547.0,74122.0,0.91
2020-09-28,19750,294.0,5379.0,165.0,1556.0,74589.0,0.89
2020-09-29,103676,527.0,5330.0,155.0,1563.0,75151.0,0.98
2020-09-30,19462,569.0,5304.0,155.0,1570.0,75708.0,1.14
2020-10-01,17671,619.0,5326.0,149.0,1577.0,76327.0,1.17
2020-10-02,21860,537.0,5281.0,141.0,1589.0,76913.0,1.17
2020-10-03,13684,562.0,5319.0,137.0,1596.0,77414.0,1.14
2020-10-04,4928,394.0,5406.0,135.0,1598.0,77698.0,1.12
2020-10-05,21865,269.0,5260.0,144.0,1601.0,78148.0,1.12
2020-10-06,20435,495.0,5131.0,145.0,1604.0,78750.0,1.06
2020-10-07,21401,502.0,5056.0,147.0,1612.0,79301.0,0.97
2020-10-08,21397,623.0,5160.0,145.0,1615.0,79807.0,0.94
2020-10-09,19697,594.0,5120.0,151.0,1623.0,80425.0,0.96
2020-10-10,10803,666.0,5292.0,149.0,1626.0,80893.0,0.99
2020-10-11,5077,431.0,5443.0,150.0,1628.0,81182.0,1.02
2020-10-12,23235,272.0,5245.0,152.0,1633.0,81690.0,1.02
2020-10-13,19828,491.0,5162.0,154.0,1637.0,82223.0,1.03
2020-10-14,21837,550.0,5054.0,150.0,1645.0,82899.0,1.05
2020-10-15,20737,703.0,5176.0,152.0,1649.0,83509.0,1.07
2020-10-16,20701,633.0,5205.0,152.0,1660.0,84088.0,1.06
2020-10-17,9896,611.0,5326.0,149.0,1669.0,84535.0,1.03
2020-10-18,5123,422.0,5375.0,148.0,1673.0,84961.0,1.02
2020-10-19,21920,313.0,5174.0,146.0,1675.0,85518.0,1.03
2020-10-20,15486,475.0,5031.0,153.0,1678.0,86100.0,1.03
2020-10-21,22144,611.0,5038.0,153.0,1684.0,86648.0,1.03
2020-10-22,23418,609.0,5071.0,154.0,1693.0,87227.0,0.99
2020-10-23,22880,742.0,5220.0,156.0,1705.0,87765.0,1.01
2020-10-24,13211,712.0,5440.0,160.0,1710.0,88237.0,1.04
2020-10-25,5427,486.0,5507.0,163.0,1717.0,88658.0,1.05
2020-10-26,22602,401.0,5503.0,166.0,1724.0,89092.0,1.06
2020-10-27,25714,646.0,5448.0,167.0,1729.0,89746.0,1.09
2020-10-28,23064,724.0,5642.0,162.0,1732.0,90251.0,1.1
2020-10-29,20504,803.0,5848.0,157.0,1743.0,90811.0,1.16
2020-10-30,21782,767.0,6012.0,162.0,1754.0,91392.0,1.14
2020-10-31,11398,866.0,6247.0,161.0,1765.0,91877.0,1.14
2020-11-01,6214,603.0,6475.0,164.0,1773.0,92300.0,1.15
2020-11-02,21535,480.0,6470.0,164.0,1779.0,92760.0,1.15
2020-11-03,7477,860.0,6635.0,166.0,1785.0,93192.0,1.15
2020-11-04,21840,606.0,6708.0,184.0,1793.0,94003.0,1.11
2020-11-05,29533,1046.0,7076.0,190.0,1805.0,94637.0,1.11
2020-11-06,28237,1137.0,7503.0,195.0,1808.0,95330.0,1.16
2020-11-07,13460,1301.0,7905.0,197.0,1811.0,96057.0,1.2
2020-11-08,8004,934.0,8347.0,205.0,1817.0,96511.0,1.22
2020-11-09,25476,770.0,8703.0,209.0,1828.0,97114.0,1.25
2020-11-10,25179,1276.0,9049.0,204.0,1840.0,97932.0,1.26
2020-11-11,33681,1540.0,9676.0,226.0,1850.0,98819.0,1.4
2020-11-12,29912,1624.0,10244.0,231.0,1866.0,99824.0,1.42
2020-11-13,24038,1703.0,10927.0,234.0,1879.0,100789.0,1.42
2020-11-14,16651,1721.0,11765.0,243.0,1882.0,101632.0,1.39
2020-11-15,9127,1428.0,12363.0,251.0,1884.0,102454.0,1.39
2020-11-16,30109,949.0,12570.0,272.0,1902.0,103406.0,1.36
2020-11-17,27634,1685.0,12982.0,276.0,1912.0,104464.0,1.34
2020-11-18,34630,2173.0,13834.0,280.0,1921.0,105701.0,1.28
2020-11-19,37810,2382.0,14709.0,291.0,1942.0,107148.0,1.27
2020-11-20,41770,2425.0,15629.0,313.0,1962.0,108608.0,1.27
2020-11-21,24924,2570.0,16824.0,323.0,1973.0,109870.0,1.29
2020-11-22,20389,2146.0,17879.0,331.0,1980.0,110970.0,1.29
2020-11-23,9560,1513.0,18393.0,345.0,1988.0,112012.0,1.31
2020-11-24,43773,1219.0,18428.0,376.0,2000.0,113394.0,1.24
2020-11-25,41052,1925.0,18567.0,410.0,2021.0,115032.0,1.18
2020-11-26,42634,2494.0,19107.0,435.0,2050.0,116778.0,1.13
2020-11-27,43351,2510.0,19511.0,440.0,2073.0,118898.0,1.09
2020-11-28,22307,2667.0,20413.0,462.0,2105.0,120530.0,1.04
2020-11-29,11975,2046.0,20916.0,472.0,2118.0,122072.0,1.0
2020-11-30,41335,1425.0,20903.0,493.0,2138.0,124088.0,0.97
2020-12-01,44289,2014.0,20602.0,488.0,2171.0,125897.0,1.03
2020-12-02,43236,2419.0,21046.0,497.0,2212.0,127814.0,1.07
2020-12-03,36823,2505.0,21570.0,505.0,2239.0,129740.0,1.06
2020-12-04,38145,2435.0,21741.0,520.0,2282.0,131995.0,1.06
2020-12-05,22313,2496.0,22251.0,519.0,2314.0,133820.0,1.04
2020-12-06,17612,2010.0,22537.0,530.0,2334.0,135434.0,1.05
2020-12-07,37737,1502.0,22187.0,536.0,2381.0,137516.0,1.05
2020-12-08,40060,2166.0,22412.0,555.0,2419.0,139124.0,1.02
2020-12-09,54557,2801.0,22683.0,543.0,2464.0,141494.0,1.02
2020-12-10,44612,2966.0,23646.0,554.0,2501.0,143491.0,1.04
2020-12-11,53834,2795.0,23867.0,578.0,2533.0,145987.0,1.06
2020-12-12,28203,3010.0,24981.0,583.0,2561.0,147740.0,1.09
2020-12-13,13144,2375.0,25536.0,588.0,2584.0,149391.0,1.11
2020-12-14,53758,1681.0,25093.0,592.0,2642.0,151949.0,1.11
2020-12-15,45817,2400.0,25142.0,618.0,2687.0,153971.0,1.11
2020-12-16,54303,2990.0,25287.0,605.0,2738.0,156695.0,1.1
2020-12-17,62439,3206.0,25629.0,609.0,2782.0,159176.0,1.09
2020-12-18,56421,2832.0,26064.0,598.0,2827.0,161686.0,1.07
2020-12-19,27049,3040.0,26743.0,593.0,2872.0,163702.0,1.05
2020-12-20,12282,2398.0,26816.0,603.0,2899.0,165873.0,1.04
2020-12-21,55650,1791.0,27147.0,620.0,2943.0,167693.0,1.03
2020-12-22,31110,2674.0,26863.0,619.0,2993.0,170458.0,1.04
2020-12-23,72258,3270.0,27077.0,644.0,3049.0,173205.0,1.04
2020-12-24,63512,3797.0,28154.0,644.0,3104.0,176103.0,1.05
2020-12-25,60261,3934.0,29278.0,654.0,3154.0,178482.0,1.09
2020-12-26,32677,3702.0,30369.0,659.0,3212.0,180882.0,1.11
2020-12-27,11963,2942.0,31098.0,661.0,3251.0,182947.0,1.13
2020-12-28,74383,2397.0,31694.0,675.0,3305.0,185223.0,1.15
2020-12-29,24850,3609.0,32477.0,668.0,3348.0,187739.0,1.17
2020-12-30,21069,3884.0,34037.0,681.0,3413.0,189695.0,1.18
2020-12-31,39575,4500.0,36052.0,716.0,3459.0,191949.0,1.18
2021-01-01,25072,3248.0,37187.0,711.0,3513.0,194650.0,1.11
2021-01-02,8746,3057.0,38031.0,714.0,3547.0,196693.0,1.07
2021-01-03,20291,3139.0,38729.0,731.0,3598.0,198874.0,1.06
2021-01-04,84338,3330.0,39905.0,771.0,3654.0,201606.0,1.06
2021-01-05,88446,4958.0,40908.0,784.0,3718.0,205212.0,1.07
2021-01-06,73967,6066.0,43423.0,796.0,3790.0,208621.0,1.12
2021-01-07,81440,7793.0,46780.0,826.0,3856.0,211900.0,1.18
2021-01-08,63373,8045.0,51125.0,827.0,3931.0,215527.0,1.33
2021-01-09,35730,7528.0,55238.0,852.0,3995.0,218676.0,1.48
2021-01-10,24008,6130.0,58622.0,864.0,4043.0,221087.0,1.55
2021-01-11,19942,4901.0,61449.0,881.0,4093.0,223509.0,1.54
2021-01-12,86551,4630.0,62930.0,900.0,4144.0,227174.0,1.48
2021-01-13,81255,6086.0,63648.0,920.0,4232.0,231747.0,1.4
2021-01-14,101255,6749.0,65118.0,934.0,4314.0,236545.0,1.27
2021-01-15,70610,6795.0,66628.0,965.0,4379.0,242041.0,1.12
2021-01-16,44662,7028.0,68321.0,972.0,4445.0,246537.0,1.03
2021-01-17,16038,5758.0,69983.0,973.0,4500.0,250833.0,0.97
2021-01-18,80773,4947.0,71129.0,1001.0,4547.0,255764.0,0.95
2021-01-19,103313,5355.0,69352.0,1014.0,4646.0,263026.0,0.96
2021-01-20,86804,5643.0,66436.0,1014.0,4742.0,271216.0,0.95
2021-01-21,85769,5743.0,66106.0,1011.0,4829.0,277225.0,0.95
2021-01-22,101273,4821.0,65152.0,1009.0,4934.0,283522.0,0.94
2021-01-23,37116,4711.0,64535.0,1007.0,5018.0,288536.0,0.91
2021-01-24,18784,3988.0,63663.0,1017.0,5083.0,293420.0,0.88
2021-01-25,81941,2760.0,60933.0,996.0,5157.0,299514.0,0.84
2021-01-26,66335,3851.0,58007.0,1043.0,5251.0,306117.0,0.8
2021-01-27,90824,3968.0,55515.0,1032.0,5360.0,312385.0,0.78
2021-01-28,64332,4122.0,53532.0,1014.0,5450.0,318190.0,0.76
2021-01-29,82296,3547.0,51764.0,974.0,5544.0,323518.0,0.76
2021-01-30,40425,3330.0,50422.0,973.0,5652.0,328391.0,0.77
2021-01-31,17772,2673.0,49430.0,975.0,5720.0,332049.0,0.77
2021-02-01,67269,1782.0,46319.0,937.0,5792.0,337295.0,0.78
2021-02-02,59110,2321.0,43743.0,897.0,5910.0,342045.0,0.77
2021-02-03,68807,2648.0,41028.0,892.0,6018.0,347235.0,0.76
2021-02-04,61902,2574.0,38332.0,877.0,6133.0,352368.0,0.75
2021-02-05,71144,2371.0,36288.0,815.0,6241.0,356752.0,0.74
2021-02-06,33043,2277.0,34876.0,795.0,6336.0,360108.0,0.74
2021-02-07,18191,1627.0,33400.0,773.0,6393.0,363110.0,0.73
2021-02-08,58499,1215.0,31536.0,759.0,6474.0,366680.0,0.73
2021-02-09,78153,1568.0,29199.0,736.0,6555.0,370398.0,0.74
2021-02-10,65352,1885.0,27889.0,713.0,6676.0,373314.0,0.74
2021-02-11,32865,1689.0,26993.0,701.0,6772.0,375872.0,0.75
2021-02-12,56650,1297.0,25376.0,693.0,6847.0,378414.0,0.74
2021-02-13,30220,1355.0,24489.0,668.0,6910.0,380730.0,0.73
2021-02-14,14716,1360.0,23374.0,658.0,6950.0,382938.0,0.75
2021-02-15,58421,964.0,22614.0,644.0,7013.0,385577.0,0.75
2021-02-16,59849,1305.0,20331.0,607.0,7100.0,389042.0,0.77
2021-02-17,61138,1443.0,19272.0,564.0,7194.0,391321.0,0.77
2021-02-18,54504,1540.0,18870.0,547.0,7272.0,393318.0,0.8
2021-02-19,74955,1297.0,18336.0,526.0,7331.0,395114.0,0.85
2021-02-20,31579,1228.0,17841.0,511.0,7415.0,396738.0,0.9
2021-02-21,14683,1029.0,17487.0,510.0,7472.0,398066.0,0.89
2021-02-22,54180,739.0,16780.0,491.0,7527.0,399624.0,0.89
2021-02-23,18324,1078.0,16109.0,487.0,7582.0,401195.0,0.89
2021-02-24,54702,923.0,15313.0,472.0,7645.0,403067.0,0.88
2021-02-25,59234,1064.0,14917.0,457.0,7720.0,404392.0,0.85
2021-02-26,57864,1057.0,14463.0,440.0,7805.0,405827.0,0.83
2021-02-27,29196,1208.0,14325.0,434.0,7858.0,407124.0,0.83
2021-02-28,19775,994.0,14013.0,436.0,7885.0,408407.0,0.85
2021-03-01,60090,684.0,13134.0,413.0,7931.0,409917.0,0.87
2021-03-02,82324,887.0,12738.0,407.0,7982.0,411132.0,0.86
2021-03-03,30168,1240.0,12380.0,398.0,8050.0,412572.0,0.94
2021-03-04,68856,1168.0,12244.0,388.0,8117.0,413818.0,0.99
2021-03-05,45153,1145.0,12120.0,375.0,8176.0,415085.0,1.02
2021-03-06,31058,1045.0,12155.0,373.0,8225.0,416050.0,1.01
2021-03-07,14409,1061.0,12154.0,380.0,8251.0,417018.0,1.02
2021-03-08,67917,599.0,11734.0,381.0,8296.0,418046.0,1.01
2021-03-09,40237,1125.0,11581.0,364.0,8350.0,419201.0,1.06
2021-03-10,60152,1309.0,11648.0,354.0,8400.0,420320.0,1.03
2021-03-11,56851,1315.0,11810.0,354.0,8449.0,421391.0,1.04
2021-03-12,55562,1268.0,12058.0,337.0,8507.0,422452.0,1.04
2021-03-13,31295,1317.0,12312.0,328.0,8558.0,423426.0,1.08
2021-03-14,17266,982.0,12279.0,327.0,8588.0,424449.0,1.07
2021-03-15,49870,688.0,12128.0,337.0,8620.0,425341.0,1.08
2021-03-16,47776,1130.0,11964.0,335.0,8676.0,426539.0,1.06
2021-03-17,84919,1520.0,12217.0,325.0,8715.0,427650.0,1.07
2021-03-18,54899,1492.0,12570.0,330.0,8756.0,428677.0,1.07
2021-03-19,71301,1453.0,12849.0,332.0,8788.0,429877.0,1.08
2021-03-20,30658,1517.0,13302.0,324.0,8810.0,430898.0,1.07
2021-03-21,16997,1110.0,13271.0,324.0,8833.0,432017.0,1.09
2021-03-22,51469,817.0,13131.0,320.0,8859.0,433099.0,1.09
2021-03-23,52715,1485.0,13325.0,328.0,8906.0,434195.0,1.12
2021-03-24,59974,1924.0,13833.0,325.0,8936.0,435429.0,1.13
2021-03-25,62645,1914.0,14571.0,323.0,8965.0,436604.0,1.15
2021-03-26,67296,2030.0,15239.0,331.0,8996.0,437918.0,1.18
2021-03-27,39591,2073.0,16162.0,341.0,9028.0,438955.0,1.2
2021-03-28,18887,1753.0,16738.0,342.0,9058.0,440085.0,1.24
2021-03-29,72179,1340.0,17059.0,368.0,9083.0,441351.0,1.26
2021-03-30,41247,2077.0,17535.0,382.0,9110.0,442735.0,1.27
2021-03-31,67435,2832.0,18669.0,380.0,9159.0,444121.0,1.29
2021-04-01,65377,2598.0,20100.0,394.0,9182.0,445420.0,1.3
2021-04-02,61146,2742.0,21409.0,408.0,9209.0,446781.0,1.29
2021-04-03,41103,2755.0,22499.0,431.0,9217.0,448304.0,1.28
2021-04-04,17189,2459.0,23347.0,445.0,9227.0,449835.0,1.27
2021-04-05,60274,1553.0,23703.0,451.0,9245.0,451727.0,1.25
2021-04-06,53019,2652.0,24360.0,456.0,9275.0,453053.0,1.23
2021-04-07,58424,3459.0,25844.0,464.0,9297.0,454710.0,1.21
2021-04-08,70959,3455.0,27362.0,483.0,9330.0,456492.0,1.2
2021-04-09,67609,3511.0,28744.0,511.0,9350.0,458645.0,1.2
2021-04-10,40924,3742.0,29558.0,520.0,9379.0,461377.0,1.2
2021-04-11,22466,2848.0,30327.0,563.0,9397.0,463547.0,1.18
2021-04-12,72260,2100.0,29885.0,596.0,9422.0,466396.0,1.19
2021-04-13,65278,3445.0,30920.0,608.0,9466.0,468621.0,1.19
2021-04-14,73092,4302.0,32198.0,631.0,9497.0,471170.0,1.2
2021-04-15,82330,4569.0,34543.0,670.0,9535.0,473345.0,1.2
2021-04-16,77966,4518.0,36493.0,702.0,9581.0,475966.0,1.2
2021-04-17,50503,4790.0,38600.0,723.0,9619.0,478373.0,1.19
2021-04-18,30571,4087.0,40425.0,738.0,9638.0,480632.0,1.21
2021-04-19,86696,2891.0,40714.0,769.0,9668.0,483631.0,1.22
2021-04-20,70951,4327.0,41907.0,791.0,9707.0,486479.0,1.21
2021-04-21,96428,5279.0,44048.0,805.0,9761.0,489177.0,1.21
2021-04-22,94257,5473.0,46115.0,816.0,9797.0,492392.0,1.19
2021-04-23,91286,5117.0,48065.0,837.0,9851.0,495734.0,1.17
2021-04-24,58221,5601.0,49674.0,864.0,9910.0,499095.0,1.16
2021-04-25,35886,4602.0,51167.0,898.0,9969.0,502221.0,1.14
2021-04-26,83925,3303.0,51606.0,916.0,10001.0,505850.0,1.12
2021-04-27,81048,4960.0,52439.0,953.0,10052.0,509501.0,1.11
2021-04-28,68106,5790.0,54098.0,951.0,10104.0,512983.0,1.1
2021-04-29,91921,5896.0,56169.0,978.0,10191.0,516466.0,1.09
2021-04-30,64494,4658.0,57119.0,1020.0,10226.0,520644.0,1.06
2021-05-01,68323,5992.0,58722.0,1050.0,10293.0,524642.0,1.05
2021-05-02,36217,5880.0,60156.0,1084.0,10358.0,528470.0,1.07
2021-05-03,44186,4458.0,61292.0,1083.0,10416.0,532219.0,1.08
2021-05-04,27746,4195.0,61715.0,1114.0,10466.0,536321.0,1.05
2021-05-05,67085,4052.0,61716.0,1098.0,10513.0,539944.0,1.01
2021-05-06,89586,4351.0,62453.0,1131.0,10585.0,543410.0,0.97
2021-05-07,109758,6033.0,63315.0,1131.0,10698.0,548641.0,1.0
2021-05-08,71001,7244.0,64966.0,1144.0,10819.0,552740.0,1.02
2021-05-09,41338,6492.0,67038.0,1152.0,10872.0,556883.0,1.01
2021-05-10,130677,4926.0,68061.0,1177.0,10937.0,561452.0,0.99
2021-05-11,97038,6236.0,69255.0,1189.0,11060.0,565876.0,1.05
2021-05-12,87073,7059.0,70104.0,1214.0,11161.0,571211.0,1.14
2021-05-13,122502,6867.0,71144.0,1209.0,11251.0,576736.0,1.23
2021-05-14,99676,6268.0,72760.0,1231.0,11361.0,582055.0,1.2
2021-05-15,66868,6419.0,73424.0,1223.0,11459.0,587319.0,1.15
2021-05-16,35948,5248.0,73235.0,1227.0,11504.0,592451.0,1.12
2021-05-17,95425,3677.0,70565.0,1235.0,11620.0,599618.0,1.08
2021-05-18,86352,5228.0,68228.0,1293.0,11848.0,606339.0,1.03
2021-05-19,149234,5814.0,66835.0,1288.0,11939.0,612524.0,0.95
2021-05-20,97287,5712.0,66721.0,1294.0,12049.0,618796.0,0.89
2021-05-21,117145,5248.0,65752.0,1303.0,12158.0,625696.0,0.87
2021-05-22,66583,5032.0,64765.0,1304.0,12246.0,631273.0,0.86
2021-05-23,35263,4032.0,63968.0,1300.0,12308.0,637057.0,0.86
2021-05-24,91616,2710.0,61541.0,1294.0,12394.0,642319.0,0.86
2021-05-25,70045,3894.0,60260.0,1413.0,12492.0,647273.0,0.85
2021-05-26,87089,4527.0,59210.0,1371.0,12597.0,652354.0,0.84
2021-05-27,116584,4127.0,58515.0,1375.0,12710.0,656861.0,0.83
2021-05-28,118523,3705.0,56022.0,1383.0,12816.0,664062.0,0.81
2021-05-29,57084,3589.0,55439.0,1347.0,12917.0,668886.0,0.81
2021-05-30,30097,2874.0,53676.0,1349.0,12964.0,672990.0,0.8
2021-05-31,83703,1785.0,51512.0,1323.0,13045.0,677733.0,0.8
2021-06-01,67394,2640.0,49400.0,1284.0,13136.0,682468.0,0.79
2021-06-02,76590,3031.0,46897.0,1227.0,13241.0,687720.0,0.77
2021-06-03,176379,2826.0,45419.0,1198.0,13360.0,692101.0,0.77
2021-06-04,98297,2586.0,43211.0,1157.0,13445.0,696828.0,0.77
2021-06-05,54184,2647.0,42051.0,1131.0,13519.0,700609.0,0.77
2021-06-06,26466,2016.0,40992.0,1120.0,13570.0,703716.0,0.77
2021-06-07,75134,1278.0,39005.0,1099.0,13641.0,707280.0,0.77
2021-06-08,62141,1884.0,37068.0,1055.0,13739.0,710871.0,0.77
2021-06-09,63215,2224.0,35268.0,1015.0,13837.0,714925.0,0.78
2021-06-10,74713,2041.0,33943.0,942.0,13903.0,718300.0,0.79
2021-06-11,99850,1934.0,32235.0,890.0,13972.0,721837.0,0.8
2021-06-12,51297,1941.0,31250.0,852.0,14028.0,724762.0,0.79
2021-06-13,25059,1382.0,30530.0,849.0,14066.0,727478.0,0.79
2021-06-14,60314,929.0,28228.0,827.0,14121.0,730343.0,0.79
2021-06-15,61213,1418.0,25809.0,845.0,14182.0,733965.0,0.8
2021-06-16,65986,1696.0,24317.0,805.0,14264.0,737235.0,0.8
2021-06-17,70606,1550.0,22969.0,775.0,14315.0,739870.0,0.81
2021-06-18,69009,1619.0,21134.0,740.0,14360.0,743453.0,0.82
2021-06-19,43013,1509.0,20257.0,714.0,14394.0,745653.0,0.82
2021-06-20,31414,1303.0,19778.0,721.0,14417.0,747449.0,0.85
2021-06-21,58844,864.0,18722.0,697.0,14449.0,749446.0,0.86
2021-06-22,52614,1433.0,18119.0,646.0,14491.0,751347.0,0.88
2021-06-23,62348,1776.0,17907.0,629.0,14548.0,753300.0,0.92
2021-06-24,60420,1669.0,17910.0,590.0,14593.0,755178.0,0.96
2021-06-25,89659,1706.0,17349.0,577.0,14621.0,757227.0,0.98
2021-06-26,43145,1620.0,17210.0,567.0,14652.0,758887.0,1.02
2021-06-27,21138,1280.0,17017.0,564.0,14665.0,760339.0,1.02
2021-06-28,62615,989.0,16531.0,552.0,14700.0,761879.0,1.04
2021-06-29,61916,1376.0,16159.0,523.0,14735.0,763569.0,1.03
2021-06-30,67576,1810.0,16272.0,517.0,14776.0,765277.0,1.03
2021-07-01,77063,1742.0,16249.0,511.0,14797.0,766949.0,1.02
2021-07-02,67044,1773.0,16192.0,501.0,14819.0,768722.0,1.02
2021-07-03,38122,1863.0,16350.0,496.0,14837.0,770414.0,1.03
2021-07-04,17098,1479.0,16199.0,491.0,14843.0,771975.0,1.05
2021-07-05,58706,1021.0,15739.0,481.0,14857.0,773568.0,1.04
2021-07-06,53956,1657.0,15423.0,480.0,14879.0,775406.0,1.06
2021-07-07,66486,2181.0,16127.0,464.0,14892.0,776910.0,1.09
2021-07-08,60703,2239.0,16629.0,441.0,14912.0,778510.0,1.11
2021-07-09,71192,2260.0,17015.0,428.0,14928.0,780323.0,1.14
2021-07-10,44123,2453.0,17906.0,425.0,14943.0,781868.0,1.16
2021-07-11,26094,2020.0,18332.0,432.0,14950.0,783457.0,1.18
2021-07-12,64222,1492.0,18354.0,424.0,14954.0,785001.0,1.2
2021-07-13,103897,2376.0,18873.0,412.0,14966.0,786765.0,1.22
2021-07-14,64174,3171.0,20047.0,396.0,14985.0,788604.0,1.25
2021-07-15,67513,3409.0,21555.0,376.0,15009.0,790481.0,1.28
2021-07-16,76436,3420.0,23244.0,382.0,15022.0,792221.0,1.3
2021-07-17,43473,3872.0,25121.0,378.0,15035.0,794038.0,1.33
2021-07-18,25835,3093.0,26315.0,392.0,15043.0,795892.0,1.34
2021-07-19,68952,2318.0,26612.0,406.0,15055.0,798147.0,1.35
2021-07-20,65964,3747.0,27797.0,390.0,15074.0,800470.0,1.36
2021-07-21,69363,4940.0,29973.0,392.0,15092.0,802980.0,1.37
2021-07-22,37605,5390.0,33006.0,431.0,15101.0,805185.0,1.37
2021-07-23,50137,4212.0,35017.0,436.0,15110.0,807630.0,1.34
2021-07-24,32099,3596.0,35436.0,448.0,15118.0,810765.0,1.26
2021-07-25,17654,5030.0,37223.0,466.0,15123.0,813614.0,1.27
2021-07-26,95137,4679.0,38793.0,514.0,15131.0,816865.0,1.31
2021-07-27,92345,7660.0,42267.0,522.0,15145.0,820615.0,1.36
2021-07-28,86528,9625.0,47829.0,539.0,15153.0,824070.0,1.41
2021-07-29,88769,10742.0,54401.0,626.0,15166.0,827784.0,1.46
2021-07-30,88920,10814.0,61513.0,667.0,15177.0,831650.0,1.58
2021-07-31,87700,12413.0,69183.0,691.0,15185.0,835921.0,1.78
2021-08-01,36604,10236.0,75631.0,704.0,15190.0,839455.0,1.79
2021-08-02,105130,8411.0,79573.0,754.0,15197.0,844529.0,1.76
2021-08-03,83159,12149.0,86144.0,777.0,15212.0,849241.0,1.7
2021-08-04,100583,14352.0,93685.0,823.0,15221.0,855088.0,1.62
2021-08-05,114844,15353.0,102551.0,1020.0,15233.0,861398.0,1.54
2021-08-06,112653,15797.0,109705.0,1068.0,15248.0,870117.0,1.46
2021-08-07,71501,15825.0,117047.0,1138.0,15266.0,878196.0,1.34
2021-08-08,41841,14529.0,123044.0,1190.0,15273.0,886500.0,1.31
2021-08-09,28421,12141.0,126268.0,1230.0,15290.0,895692.0,1.29
2021-08-10,126671,10728.0,126674.0,1332.0,15304.0,906303.0,1.22
2021-08-11,128856,15994.0,129956.0,1404.0,15323.0,917418.0,1.19
2021-08-12,110733,19038.0,137246.0,1478.0,15351.0,927344.0,1.17
2021-08-13,134540,20492.0,145674.0,1521.0,15376.0,939796.0,1.16
2021-08-14,81455,20287.0,153626.0,1563.0,15393.0,951787.0,1.16
2021-08-15,62842,17887.0,156406.0,1603.0,15401.0,964911.0,1.15
2021-08-16,104174,14981.0,157758.0,1646.0,15424.0,979128.0,1.13
2021-08-17,118072,20104.0,161699.0,1716.0,15460.0,993758.0,1.21
2021-08-18,131491,24091.0,168699.0,1765.0,15494.0,1008309.0,1.25
2021-08-19,232366,25335.0,181106.0,1816.0,15527.0,1020747.0,1.26
2021-08-20,29228,25975.0,193355.0,1888.0,15556.0,1033914.0,1.25
2021-08-21,113293,25633.0,203540.0,1891.0,15589.0,1048617.0,1.25
2021-08-22,55312,22327.0,211710.0,1898.0,15624.0,1062688.0,1.25
2021-08-23,132921,16926.0,209563.0,1935.0,15656.0,1083556.0,1.23
2021-08-24,161737,21664.0,212567.0,1964.0,15686.0,1099236.0,1.18
2021-08-25,144846,24414.0,217971.0,1974.0,15730.0,1114819.0,1.13
2021-08-26,145404,25040.0,225403.0,2000.0,15790.0,1132222.0,1.09
2021-08-27,174004,24305.0,229624.0,2060.0,15844.0,1150155.0,1.06
2021-08-28,96889,22838.0,231359.0,2070.0,15889.0,1169420.0,1.02
2021-08-29,66549,19339.0,231596.0,2075.0,15939.0,1187366.0,0.98
2021-08-30,156779,13668.0,215627.0,2110.0,15987.0,1227794.0,0.96
2021-08-31,115429,17713.0,208512.0,2092.0,16034.0,1250972.0,0.93
2021-09-01,149209,20029.0,205577.0,2158.0,16116.0,1274191.0,0.91
2021-09-02,121059,18206.0,204310.0,2221.0,16177.0,1292987.0,0.88
2021-09-03,200328,16719.0,199984.0,2223.0,16240.0,1315603.0,0.85
2021-09-04,87381,16003.0,191003.0,2207.0,16306.0,1339837.0,0.83
2021-09-05,65385,12891.0,184559.0,2198.0,16347.0,1360524.0,0.81
2021-09-06,128204,8229.0,177367.0,2209.0,16380.0,1377175.0,0.8
2021-09-07,116508,10590.0,165207.0,2211.0,16429.0,1400726.0,0.77
2021-09-08,133893,12384.0,157731.0,2173.0,16518.0,1420081.0,0.75
2021-09-09,120520,10379.0,150024.0,2125.0,16596.0,1438788.0,0.73
2021-09-10,145673,8868.0,140946.0,2057.0,16683.0,1457710.0,0.71
2021-09-11,78105,8790.0,133515.0,2010.0,16735.0,1474220.0,0.69
2021-09-12,43656,6485.0,123774.0,1975.0,16790.0,1491610.0,0.67
2021-09-13,118563,3086.0,112159.0,1905.0,16839.0,1508363.0,0.65
2021-09-14,100012,6644.0,104034.0,1834.0,16887.0,1522094.0,0.65
2021-09-15,107105,6877.0,96586.0,1743.0,16952.0,1536029.0,0.64
2021-09-16,96693,5490.0,90597.0,1615.0,17023.0,1547904.0,0.64
2021-09-17,168867,4758.0,83869.0,1559.0,17090.0,1560144.0,0.64
2021-09-18,59277,4557.0,77198.0,1496.0,17149.0,1571953.0,0.63
2021-09-19,39286,3277.0,70628.0,1454.0,17197.0,1582222.0,0.63
2021-09-20,25151,1912.0,65164.0,1429.0,17226.0,1590154.0,0.66
2021-09-21,86797,1519.0,58190.0,1383.0,17269.0,1599813.0,0.61
2021-09-22,93675,3651.0,51671.0,1273.0,17312.0,1608958.0,0.6
2021-09-23,47873,3815.0,47557.0,1228.0,17368.0,1616297.0,0.62
2021-09-24,135859,1667.0,42895.0,1185.0,17414.0,1623716.0,0.6
2021-09-25,55159,2690.0,39384.0,1133.0,17446.0,1629728.0,0.6
2021-09-26,27002,2097.0,36683.0,1106.0,17475.0,1634582.0,0.61
2021-09-27,79290,967.0,33850.0,1062.0,17504.0,1638914.0,0.6
2021-09-28,78473,1941.0,30919.0,998.0,17544.0,1643348.0,0.69
2021-09-29,84946,1980.0,27943.0,932.0,17598.0,1648240.0,0.7
2021-09-30,67787,1567.0,25513.0,778.0,17641.0,1652231.0,0.65
2021-10-01,81440,1369.0,23467.0,719.0,17676.0,1655826.0,0.71
2021-10-02,53800,1330.0,21041.0,696.0,17709.0,1659534.0,0.7
2021-10-03,20790,874.0,18867.0,693.0,17723.0,1662654.0,0.68
2021-10-04,64378,502.0,17457.0,655.0,17749.0,1664807.0,0.68
2021-10-05,62277,1100.0,15555.0,612.0,17782.0,1667579.0,0.63
2021-10-06,68047,1179.0,14122.0,595.0,17812.0,1669995.0,0.63
2021-10-07,59576,912.0,12809.0,526.0,17849.0,1672333.0,0.66
2021-10-08,67618,809.0,11906.0,501.0,17895.0,1674160.0,0.64
2021-10-09,48558,790.0,10871.0,483.0,17920.0,1675926.0,0.65
2021-10-10,23589,581.0,10351.0,478.0,17934.0,1677010.0,0.68
2021-10-11,58344,285.0,9554.0,444.0,17952.0,1678232.0,0.69
2021-10-12,58142,671.0,8628.0,413.0,17979.0,1679690.0,0.69
2021-10-13,57785,739.0,8061.0,381.0,18013.0,1680900.0,0.7
2021-10-14,74021,644.0,7602.0,357.0,18044.0,1681960.0,0.71
2021-10-15,64812,522.0,7135.0,335.0,18070.0,1683043.0,0.72
2021-10-16,42154,537.0,6641.0,317.0,18084.0,1684032.0,0.73
2021-10-17,18498,381.0,6349.0,312.0,18095.0,1684694.0,0.73
2021-10-18,51790,178.0,5944.0,294.0,18113.0,1685414.0,0.73
2021-10-19,51835,423.0,5497.0,276.0,18138.0,1686195.0,0.74
2021-10-20,67636,427.0,5079.0,260.0,18149.0,1686759.0,0.74
2021-10-21,47972,310.0,4774.0,217.0,18165.0,1687400.0,0.71
2021-10-22,28260,345.0,4389.0,208.0,18175.0,1688124.0,0.71
2021-10-23,42743,306.0,4101.0,208.0,18183.0,1688713.0,0.69
2021-10-24,19484,224.0,3917.0,202.0,18191.0,1689105.0,0.68
2021-10-25,59179,145.0,3691.0,197.0,18199.0,1689510.0,0.69
2021-10-26,53332,349.0,3317.0,184.0,18213.0,1690128.0,0.71
2021-10-27,56898,322.0,3172.0,177.0,18220.0,1690595.0,0.73
2021-10-28,56028,299.0,3031.0,145.0,18229.0,1691017.0,0.79
2021-10-29,62997,321.0,2853.0,134.0,18245.0,1695501.0,0.82
2021-10-30,42060,283.0,2776.0,124.0,18253.0,1695832.0,0.87
2021-10-31,16717,228.0,2781.0,122.0,18260.0,1696070.0,0.91
2021-11-01,49595,77.0,2589.0,120.0,18267.0,1696346.0,0.9
2021-11-02,56984,239.0,2422.0,115.0,18274.0,1696703.0,0.88
2021-11-03,22503,264.0,2336.0,109.0,18282.0,1696997.0,0.89
2021-11-04,58582,120.0,2280.0,103.0,18288.0,1697265.0,0.83
2021-11-05,59422,253.0,2160.0,100.0,18298.0,1697602.0,0.81
2021-11-06,34940,235.0,2112.0,100.0,18301.0,1697852.0,0.8
2021-11-07,17360,156.0,2128.0,101.0,18302.0,1698023.0,0.77
2021-11-08,52712,89.0,2023.0,99.0,18305.0,1698251.0,0.79
2021-11-09,50680,220.0,1882.0,96.0,18308.0,1699956.0,0.82
2021-11-10,66664,207.0,1856.0,92.0,18310.0,1700170.0,0.81
2021-11-11,51123,213.0,1860.0,87.0,18315.0,1700381.0,0.92
2021-11-12,67082,197.0,1823.0,83.0,18315.0,1700657.0,0.93
2021-11-13,35758,199.0,1789.0,85.0,18317.0,1700869.0,0.93
2021-11-14,19625,135.0,1779.0,85.0,18319.0,1701020.0,0.95
2021-11-15,48931,58.0,1715.0,82.0,18319.0,1701203.0,0.93
2021-11-16,48384,144.0,1544.0,78.0,18323.0,1701450.0,0.9
2021-11-17,56892,189.0,1533.0,76.0,18328.0,1701625.0,0.92
2021-11-18,50301,165.0,1512.0,62.0,18334.0,1701813.0,0.85
2021-11-19,58967,143.0,1484.0,62.0,18334.0,1702064.0,0.84
2021-11-20,32554,122.0,1402.0,62.0,18339.0,1702237.0,0.81
2021-11-21,15781,129.0,1401.0,63.0,18339.0,1702362.0,0.82
2021-11-22,43887,22.0,1357.0,60.0,18341.0,1702482.0,0.81
2021-11-23,24709,123.0,1257.0,58.0,18343.0,1702658.0,0.83
2021-11-24,55336,55.0,1235.0,58.0,18344.0,1702756.0,0.75
2021-11-25,46526,117.0,1211.0,51.0,18345.0,1702879.0,0.74
2021-11-26,61997,115.0,1147.0,50.0,18349.0,1703084.0,0.74
2021-11-27,39290,133.0,1132.0,43.0,18350.0,1703217.0,0.8
2021-11-28,23269,66.0,1073.0,43.0,18350.0,1703354.0,0.75
2021-11-29,47942,56.0,1040.0,41.0,18351.0,1703452.0,0.8
2021-11-30,49484,134.0,1050.0,43.0,18352.0,1703514.0,0.82
2021-12-01,53787,126.0,1049.0,38.0,18354.0,1703648.0,0.99
2021-12-02,52722,113.0,1013.0,32.0,18355.0,1703771.0,1.03
2021-12-03,56944,137.0,1000.0,28.0,18356.0,1703928.0,1.08
2021-12-04,27633,123.0,1012.0,29.0,18356.0,1704056.0,1.06
2021-12-05,14187,97.0,1044.0,29.0,18356.0,1704129.0,1.17
2021-12-06,48000,35.0,1007.0,28.0,18357.0,1704229.0,1.11
2021-12-07,49654,113.0,999.0,27.0,18359.0,1704323.0,1.07
2021-12-08,52011,140.0,1019.0,26.0,18361.0,1704404.0,1.01
2021-12-09,48838,144.0,1052.0,27.0,18363.0,1704511.0,1.04
2021-12-10,63255,118.0,1065.0,25.0,18364.0,1704653.0,1.0
2021-12-11,34849,140.0,1074.0,25.0,18365.0,1704756.0,1.03
2021-12-12,16206,114.0,1085.0,26.0,18365.0,1704856.0,1.02
2021-12-13,53509,57.0,1044.0,27.0,18366.0,1704973.0,1.06
2021-12-14,48583,161.0,1078.0,27.0,18367.0,1705069.0,1.12
2021-12-15,49167,177.0,1115.0,27.0,18368.0,1705176.0,1.14
2021-12-16,50184,142.0,1155.0,26.0,18370.0,1705293.0,1.11
2021-12-17,59688,155.0,1214.0,26.0,18371.0,1705403.0,1.16
2021-12-18,29128,190.0,1257.0,27.0,18371.0,1705510.0,1.18
2021-12-19,14752,157.0,1325.0,27.0,18371.0,1705607.0,1.2
2021-12-20,44484,72.0,1348.0,28.0,18371.0,1705704.0,1.19
2021-12-21,50175,207.0,1386.0,26.0,18373.0,1705854.0,1.18
2021-12-22,52151,237.0,1483.0,28.0,18375.0,1705943.0,1.19
2021-12-23,47486,278.0,1609.0,34.0,18378.0,1706084.0,1.29
2021-12-24,51328,260.0,1754.0,37.0,18378.0,1706200.0,1.32
2021-12-25,36014,298.0,1880.0,38.0,18379.0,1706326.0,1.35
2021-12-26,18020,215.0,1995.0,44.0,18379.0,1706468.0,1.34
2021-12-27,51904,132.0,1975.0,46.0,18379.0,1706670.0,1.36
2021-12-28,59938,347.0,2064.0,49.0,18381.0,1706849.0,1.4
2021-12-29,37768,447.0,2222.0,46.0,18385.0,1707034.0,1.46
2021-12-30,25321,435.0,2509.0,49.0,18385.0,1707193.0,1.43
2021-12-31,30907,449.0,2781.0,51.0,18385.0,1707341.0,1.44
2022-01-01,7002,466.0,3048.0,53.0,18385.0,1707509.0,1.15
2022-01-02,11365,432.0,3328.0,52.0,18387.0,1707679.0,1.17
2022-01-03,5605,788.0,3792.0,54.0,18388.0,1707860.0,1.23
2022-01-04,87417,1094.0,4628.0,60.0,18389.0,1708036.0,1.27
2022-01-05,85750,2788.0,6619.0,64.0,18390.0,1708256.0,1.4
2022-01-06,65376,4486.0,10020.0,91.0,18390.0,1708602.0,1.58
2022-01-07,97767,6553.0,15149.0,89.0,18392.0,1708970.0,1.75
2022-01-08,56052,8701.0,22051.0,90.0,18394.0,1709401.0,1.93
2022-01-09,33956,8173.0,29210.0,90.0,18395.0,1710038.0,2.04
2022-01-10,33040,5734.0,34797.0,100.0,18397.0,1710695.0,1.99
2022-01-11,110955,5704.0,40673.0,105.0,18399.0,1711641.0,1.94
2022-01-12,128248,15587.0,50273.0,125.0,18404.0,1712837.0,1.84
2022-01-13,147903,21010.0,64605.0,221.0,18406.0,1715032.0,1.73
2022-01-14,134962,24054.0,81748.0,233.0,18416.0,1718506.0,1.62
2022-01-15,93859,29685.0,99772.0,235.0,18422.0,1721992.0,1.53
2022-01-16,62213,26842.0,116869.0,243.0,18424.0,1730423.0,1.48
2022-01-17,192740,17134.0,134320.0,261.0,18426.0,1737618.0,1.46
2022-01-18,145832,40477.0,154291.0,281.0,18436.0,1745032.0,1.5
2022-01-19,221682,49182.0,183162.0,287.0,18449.0,1753316.0,1.46
2022-01-20,191060,53723.0,216960.0,404.0,18461.0,1762869.0,1.42
2022-01-21,233676,55658.0,252786.0,424.0,18470.0,1775775.0,1.38
2022-01-22,163898,64249.0,290671.0,430.0,18482.0,1791133.0,1.34
2022-01-23,84039,53768.0,322100.0,439.0,18498.0,1808242.0,1.31
2022-01-24,246315,33165.0,344062.0,444.0,18515.0,1833043.0,1.3
2022-01-25,223773,83040.0,375697.0,470.0,18551.0,1858473.0,1.26
2022-01-26,288971,81333.0,415806.0,537.0,18591.0,1886029.0,1.23
2022-01-27,214817,85957.0,459980.0,697.0,18634.0,1913144.0,1.2
2022-01-28,274158,85060.0,503133.0,734.0,18678.0,1953043.0,1.18
2022-01-29,174642,97543.0,539357.0,767.0,18722.0,1997504.0,1.16
2022-01-30,118792,78473.0,580342.0,783.0,18757.0,2038643.0,1.15
2022-01-31,249977,41836.0,595410.0,804.0,18785.0,2089814.0,1.14
2022-02-01,253692,104520.0,620913.0,886.0,18864.0,2138091.0,1.11
2022-02-02,264631,98644.0,662065.0,911.0,18942.0,2188835.0,1.1
2022-02-03,266034,98205.0,713372.0,1042.0,19032.0,2239429.0,1.08
2022-02-04,237526,94722.0,739198.0,1099.0,19124.0,2307522.0,1.07
2022-02-05,168881,100921.0,778808.0,1134.0,19251.0,2377923.0,1.05
2022-02-06,86512,75151.0,799891.0,1143.0,19318.0,2443440.0,1.03
2022-02-07,316989,41653.0,803176.0,1141.0,19440.0,2518653.0,1.03
2022-02-08,216588,104336.0,818933.0,1212.0,19581.0,2592843.0,1.02
2022-02-09,257163,96408.0,836905.0,1270.0,19738.0,2667291.0,1.01
2022-02-10,210245,94100.0,861630.0,1340.0,19915.0,2744798.0,1.0
2022-02-11,174196,88421.0,872594.0,1352.0,20059.0,2837094.0,0.99
2022-02-12,106172,40147.0,868621.0,1366.0,20205.0,2911318.0,0.96
2022-02-13,70339,78233.0,855217.0,1393.0,20362.0,3002277.0,0.97
2022-02-14,210497,37773.0,838231.0,1403.0,20498.0,3089392.0,0.96
2022-02-15,177845,100079.0,832443.0,1444.0,20710.0,3170278.0,0.96
2022-02-16,228716,93111.0,838051.0,1469.0,20965.0,3251741.0,0.96
2022-02-17,206304,86501.0,839753.0,1482.0,21210.0,3342591.0,0.96
2022-02-18,247793,73031.0,838264.0,1480.0,21448.0,3446764.0,0.95
2022-02-19,134944,77100.0,829097.0,1477.0,21653.0,3531111.0,1.0
2022-02-20,88843,60104.0,827330.0,1495.0,21840.0,3603978.0,0.99
2022-02-21,178148,30046.0,803669.0,1504.0,22021.0,3689350.0,0.99
2022-02-22,220415,83259.0,782369.0,1489.0,22298.0,3773803.0,0.98
2022-02-23,119617,83984.0,783151.0,1474.0,22563.0,3845717.0,0.98
2022-02-24,184714,35135.0,762066.0,1503.0,22793.0,3935774.0,0.95
2022-02-25,245633,72187.0,738662.0,1507.0,23050.0,4027243.0,0.96
2022-02-26,140221,75539.0,728605.0,1482.0,23311.0,4103825.0,0.94
2022-02-27,72181,54162.0,716006.0,1461.0,23491.0,4179381.0,0.95
2022-02-28,197110,28641.0,703137.0,1456.0,23682.0,4253633.0,0.95
2022-03-01,168484,76998.0,681938.0,1452.0,23916.0,4333809.0,0.95
2022-03-02,217937,71959.0,675315.0,1418.0,24152.0,4408661.0,0.95
2022-03-03,142456,61037.0,664940.0,1419.0,24410.0,4488198.0,1.0
2022-03-04,211336,55712.0,655063.0,1399.0,24667.0,4567818.0,0.99
2022-03-05,121053,60155.0,642761.0,1362.0,24853.0,4641546.0,0.98
2022-03-06,72152,45991.0,638444.0,1354.0,25000.0,4700670.0,0.98
2022-03-07,152369,22567.0,611330.0,1348.0,25115.0,4773095.0,0.97
2022-03-08,166536,65392.0,592755.0,1321.0,25348.0,4838139.0,0.97
2022-03-09,205856,63416.0,590488.0,1322.0,25554.0,4899707.0,0.97
2022-03-10,166272,54414.0,592736.0,1252.0,25766.0,4959638.0,0.95
2022-03-11,178834,48945.0,578501.0,1204.0,25931.0,5035201.0,0.95
2022-03-12,114763,53565.0,570129.0,1175.0,26100.0,5096117.0,0.96
2022-03-13,66839,41927.0,561661.0,1175.0,26225.0,5156062.0,0.96
2022-03-14,150533,21662.0,542272.0,1170.0,26333.0,5215559.0,0.97
2022-03-15,140711,60579.0,529120.0,1140.0,26515.0,5272942.0,0.97
2022-03-16,170537,57633.0,522454.0,1090.0,26673.0,5332832.0,0.97
2022-03-17,156343,48592.0,521174.0,991.0,26838.0,5389612.0,0.97
2022-03-18,176908,41197.0,515459.0,983.0,26995.0,5448178.0,0.97
2022-03-19,94809,42770.0,503950.0,955.0,27122.0,5504446.0,0.97
2022-03-20,53366,33580.0,492387.0,951.0,27198.0,5555561.0,0.96
2022-03-21,37430,19555.0,471374.0,937.0,27255.0,5607479.0,0.96
2022-03-22,141620,16008.0,445129.0,916.0,27327.0,5658738.0,0.92
2022-03-23,156909,53425.0,420521.0,891.0,27439.0,5715624.0,0.92
2022-03-24,141401,50852.0,424988.0,733.0,27569.0,5757693.0,0.93
2022-03-25,156348,43748.0,413879.0,707.0,27685.0,5818388.0,0.94
2022-03-26,95800,46142.0,409000.0,694.0,27783.0,5868328.0,0.95
2022-03-27,66749,37613.0,410207.0,691.0,27851.0,5910662.0,0.96
2022-03-28,111761,20007.0,402061.0,673.0,27915.0,5955216.0,0.96
2022-03-29,119982,55201.0,400896.0,655.0,27997.0,5995435.0,1.05
2022-03-30,147459,54730.0,410636.0,627.0,28094.0,6035183.0,1.06
2022-03-31,138984,49664.0,422681.0,533.0,28181.0,6070037.0,1.05
2022-04-01,184067,46142.0,439509.0,518.0,28284.0,6109304.0,1.05
2022-04-02,100759,49567.0,444365.0,510.0,28332.0,6151596.0,1.05
2022-04-03,39539,39160.0,451289.0,505.0,28370.0,6190247.0,1.05
2022-04-04,125517,19865.0,441490.0,508.0,28411.0,6232481.0,1.05
2022-04-05,180421,55949.0,447295.0,508.0,28471.0,6272920.0,1.01
2022-04-06,127534,57634.0,455293.0,494.0,28540.0,6315439.0,1.01
2022-04-07,144404,53080.0,469458.0,484.0,28612.0,6355619.0,1.01
2022-04-08,177328,49264.0,472706.0,489.0,28674.0,6408391.0,1.01
2022-04-09,96994,53119.0,477055.0,484.0,28730.0,6454196.0,1.01
2022-04-10,56863,40991.0,483377.0,465.0,28768.0,6495585.0,1.01
2022-04-11,87766,21045.0,484087.0,467.0,28805.0,6532240.0,1.01
2022-04-12,156077,60760.0,486325.0,468.0,28849.0,6576851.0,1.02
2022-04-13,163083,58565.0,488519.0,231.0,28909.0,6627647.0,1.02
2022-04-14,169524,49658.0,501065.0,230.0,28968.0,6667665.0,1.01
2022-04-15,173695,44372.0,497209.0,222.0,29029.0,6723594.0,1.0
2022-04-16,103641,43883.0,493422.0,219.0,29076.0,6770878.0,0.99
2022-04-17,49461,32462.0,486915.0,222.0,29107.0,6815085.0,0.98
2022-04-18,169033,15593.0,473672.0,213.0,29133.0,6860122.0,0.98
2022-04-19,159074,49008.0,460612.0,214.0,29186.0,6905123.0,0.96
2022-04-20,196814,49407.0,453329.0,202.0,29235.0,6970202.0,0.95
2022-04-21,135695,43462.0,455408.0,207.0,29285.0,7012473.0,0.95
2022-04-22,179585,40237.0,451035.0,203.0,29341.0,7062818.0,0.95
2022-04-23,97524,43447.0,434325.0,195.0,29368.0,7120057.0,0.96
2022-04-24,54285,33855.0,427444.0,191.0,29392.0,7163379.0,0.97
2022-04-25,123846,16682.0,413638.0,200.0,29428.0,7207747.0,0.97
2022-04-26,1329376,47689.0,405799.0,183.0,29486.0,7247887.0,0.98
2022-04-27,216039,45486.0,403437.0,174.0,29551.0,7303832.0,0.99
2022-04-28,130850,38667.0,407875.0,173.0,29590.0,7340689.0,0.99
2022-04-29,79507,34805.0,400739.0,171.0,29634.0,7386970.0,0.99
2022-04-30,65236,15785.0,391279.0,165.0,29653.0,7423406.0,0.96
2022-05-01,45549,26647.0,375218.0,164.0,29685.0,7463494.0,0.95
2022-05-02,124494,14983.0,357519.0,160.0,29715.0,7501854.0,0.94
2022-05-03,56098,38970.0,347707.0,174.0,29767.0,7535212.0,0.93
2022-05-04,92663,20860.0,335590.0,166.0,29792.0,7581461.0,0.9
2022-05-05,38243,19414.0,324009.0,170.0,29810.0,7614125.0,0.88
2022-05-06,215284,18821.0,305548.0,165.0,29845.0,7662606.0,0.86
2022-05-07,86295,49583.0,297044.0,159.0,29869.0,7700585.0,0.94
2022-05-08,55066,40152.0,303068.0,163.0,29897.0,7731324.0,0.97
2022-05-09,144463,20033.0,301546.0,158.0,29927.0,7767714.0,0.98
2022-05-10,134897,49834.0,307647.0,163.0,29978.0,7797540.0,1.0
2022-05-11,174645,45415.0,304814.0,159.0,30019.0,7848157.0,1.07
2022-05-12,132340,38604.0,318635.0,156.0,30058.0,7874287.0,1.13
2022-05-13,144865,36996.0,327917.0,153.0,30089.0,7908088.0,1.18
2022-05-14,101552,39537.0,338725.0,139.0,30123.0,7934823.0,1.11
2022-05-15,65366,30594.0,344529.0,134.0,30145.0,7962784.0,1.07
2022-05-16,124690,15329.0,336262.0,127.0,30173.0,7998525.0,1.06
2022-05-17,143012,43851.0,330474.0,125.0,30206.0,8034198.0,1.04
2022-05-18,177176,42257.0,330661.0,110.0,30258.0,8079627.0,1.0
2022-05-19,139802,36788.0,335298.0,106.0,30294.0,8113710.0,0.98
2022-05-20,153317,35041.0,333603.0,101.0,30338.0,8157015.0,0.96
2022-05-21,77689,35942.0,330466.0,92.0,30375.0,8192846.0,0.97
2022-05-22,48711,26838.0,327375.0,96.0,30391.0,8225708.0,0.97
2022-05-23,164058,12821.0,317479.0,100.0,30421.0,8260780.0,0.97
2022-05-24,112685,37885.0,308939.0,103.0,30453.0,8295714.0,0.97
2022-05-25,162341,34736.0,307145.0,95.0,30502.0,8336099.0,0.97
2022-05-26,121221,28169.0,303773.0,90.0,30542.0,8370373.0,0.96
2022-05-27,160757,24963.0,292640.0,81.0,30581.0,8412391.0,0.95
2022-05-28,90345,25039.0,282427.0,88.0,30620.0,8446784.0,0.94
2022-05-29,41599,17390.0,272052.0,90.0,30642.0,8478000.0,0.93
2022-05-30,116521,8375.0,254004.0,93.0,30666.0,8512153.0,0.92
2022-05-31,124755,24867.0,239830.0,95.0,30702.0,8543645.0,0.91
2022-06-01,151792,22874.0,228426.0,92.0,30737.0,8581691.0,0.9
2022-06-02,113743,19362.0,221486.0,86.0,30761.0,8608197.0,0.89
2022-06-03,231849,17939.0,210630.0,84.0,30796.0,8641056.0,0.89
2022-06-04,77138,17948.0,199558.0,77.0,30819.0,8668208.0,0.89
2022-06-05,35265,13368.0,190716.0,75.0,30836.0,8692481.0,0.9
2022-06-06,95922,6612.0,178595.0,76.0,30857.0,8716907.0,0.9
2022-06-07,87349,20119.0,171307.0,79.0,30881.0,8737808.0,0.91
2022-06-08,170481,18256.0,166582.0,77.0,30902.0,8762563.0,0.92
2022-06-09,119739,15918.0,164924.0,77.0,30928.0,8781007.0,0.93
2022-06-10,122181,14735.0,157737.0,69.0,30950.0,8805610.0,0.93
2022-06-11,62943,15442.0,152169.0,66.0,30963.0,8824953.0,0.94
2022-06-12,32945,11877.0,148346.0,61.0,30975.0,8841363.0,0.95
2022-06-13,943649,6027.0,140633.0,61.0,30994.0,8859919.0,0.95
2022-06-14,105115,17777.0,136050.0,53.0,31019.0,8877101.0,0.95
2022-06-15,142954,16542.0,135807.0,44.0,31047.0,8895614.0,0.96
2022-06-16,92091,14869.0,136016.0,40.0,31064.0,8910385.0,0.97
2022-06-17,118508,13894.0,133129.0,39.0,31087.0,8929068.0,0.97
2022-06-18,60957,15317.0,130743.0,41.0,31107.0,8944757.0,0.98
2022-06-19,31630,11652.0,129980.0,41.0,31116.0,8957861.0,0.98
2022-06-20,112971,5737.0,125106.0,34.0,31129.0,8973228.0,0.98
2022-06-21,110080,18270.0,123900.0,36.0,31141.0,8986874.0,0.99
2022-06-22,138240,17290.0,126845.0,38.0,31161.0,9002894.0,1.0
2022-06-23,96823,16113.0,129960.0,36.0,31175.0,9017801.0,1.0
2022-06-24,139255,14910.0,130451.0,36.0,31191.0,9032262.0,1.01
2022-06-25,71397,16538.0,131314.0,40.0,31200.0,9046272.0,1.01
2022-06-26,30779,13018.0,132495.0,45.0,31210.0,9058475.0,1.02
2022-06-27,103223,7204.0,130069.0,46.0,31223.0,9073097.0,1.02
2022-06-28,101708,23103.0,132220.0,50.0,31238.0,9086828.0,1.03
2022-06-29,146266,23836.0,140219.0,52.0,31258.0,9103364.0,1.05
2022-06-30,113086,23008.0,149887.0,52.0,31273.0,9115706.0,1.06
2022-07-01,120244,23131.0,157437.0,55.0,31289.0,9131348.0,1.08
2022-07-02,59903,24885.0,164545.0,61.0,31300.0,9146236.0,1.1
2022-07-03,34144,23269.0,171958.0,62.0,31308.0,9160117.0,1.11
2022-07-04,139927,16791.0,177200.0,60.0,31324.0,9175603.0,1.13
2022-07-05,70601,36167.0,190402.0,68.0,31340.0,9190411.0,1.14
2022-07-06,148047,45797.0,220173.0,67.0,31355.0,9208560.0,1.16
2022-07-07,113303,47961.0,248843.0,71.0,31369.0,9224775.0,1.18
2022-07-08,165011,50082.0,274767.0,74.0,31395.0,9246683.0,1.2
2022-07-09,95578,54993.0,301463.0,80.0,31408.0,9268673.0,1.22
2022-07-10,53736,54046.0,329566.0,75.0,31418.0,9289035.0,1.23
2022-07-11,146743,37124.0,351418.0,83.0,31437.0,9313105.0,1.23
2022-07-12,144967,75995.0,384017.0,90.0,31457.0,9338819.0,1.24
2022-07-13,225407,94466.0,453873.0,100.0,31486.0,9369923.0,1.24
2022-07-14,357914,97768.0,512370.0,107.0,31520.0,9402979.0,1.24
2022-07-15,310435,103287.0,571200.0,114.0,31551.0,9440304.0,1.24
2022-07-16,142974,110660.0,629238.0,129.0,31572.0,9481770.0,1.23
2022-07-17,77567,105550.0,681232.0,144.0,31586.0,9527232.0,1.23
2022-07-18,59865,76164.0,712415.0,155.0,31602.0,9573590.0,1.23
2022-07-19,224068,66725.0,725682.0,176.0,31635.0,9639896.0,1.18
2022-07-20,409922,152495.0,797212.0,189.0,31689.0,9712568.0,1.17
2022-07-21,308436,186209.0,909002.0,191.0,31727.0,9767001.0,1.17
2022-07-22,318534,195136.0,1015905.0,203.0,31791.0,9844331.0,1.17
2022-07-23,209938,200937.0,1105591.0,233.0,31844.0,9936976.0,1.17
2022-07-24,140953,176517.0,1188721.0,249.0,31877.0,10018253.0,1.16
2022-07-25,266818,126535.0,1246299.0,271.0,31932.0,10114831.0,1.16
2022-07-26,307768,196453.0,1290690.0,311.0,32040.0,10227539.0,1.2
2022-07-27,379977,209657.0,1409110.0,346.0,32162.0,10359951.0,1.19
2022-07-28,346233,233066.0,1521256.0,376.0,32278.0,10460137.0,1.16
2022-07-29,377065,221409.0,1629402.0,403.0,32408.0,10568837.0,1.13
2022-07-30,229110,222274.0,1714691.0,427.0,32499.0,10684346.0,1.1
2022-07-31,117747,197750.0,1720212.0,428.0,32577.0,10868164.0,1.09
2022-08-01,290320,139668.0,1730020.0,464.0,32686.0,11029330.0,1.07
2022-08-02,330933,211040.0,1734295.0,478.0,32811.0,11197190.0,1.04
2022-08-03,429491,249805.0,1828360.0,516.0,32968.0,11377458.0,1.04
2022-08-04,286766,238710.0,1876077.0,556.0,33151.0,11565877.0,1.03
2022-08-05,357678,233730.0,1911163.0,567.0,33340.0,11769221.0,1.03
2022-08-06,210929,227536.0,1926339.0,551.0,33501.0,11965644.0,1.02
2022-08-07,114699,206463.0,1946004.0,555.0,33655.0,12135547.0,1.02
2022-08-08,281562,137826.0,1927404.0,581.0,33817.0,12328617.0,1.02
2022-08-09,323281,212531.0,1906161.0,597.0,34067.0,12524718.0,1.01
2022-08-10,509327,250377.0,1939435.0,603.0,34315.0,12779458.0,1.01
2022-08-11,195561,240169.0,1993062.0,637.0,34529.0,12938421.0,1.01
2022-08-12,362219,168793.0,1965594.0,625.0,34755.0,13185178.0,0.99
2022-08-13,155645,183587.0,1931643.0,613.0,34993.0,13373305.0,0.98
2022-08-14,118230,178329.0,1931291.0,607.0,35148.0,13540592.0,0.97
2022-08-15,266466,138577.0,1869802.0,614.0,35363.0,13766978.0,0.97
2022-08-16,299664,166174.0,1802379.0,627.0,35647.0,13990699.0,0.96
2022-08-17,481646,231472.0,1787550.0,610.0,35947.0,14234901.0,0.96
2022-08-18,253190,255508.0,1843168.0,627.0,36226.0,14422694.0,0.96
2022-08-19,386840,261004.0,1855703.0,616.0,36509.0,14664321.0,0.99
2022-08-20,167019,253248.0,1902304.0,632.0,36772.0,14854108.0,1.02
2022-08-21,118488,226128.0,1933865.0,640.0,37000.0,15038776.0,1.03
2022-08-22,313442,141018.0,1929023.0,646.0,37269.0,15234470.0,1.03
2022-08-23,254220,208516.0,1936452.0,636.0,37586.0,15397927.0,1.05
2022-08-24,385874,243451.0,1943245.0,637.0,37879.0,15651874.0,1.06
2022-08-25,272714,220917.0,1982036.0,626.0,38189.0,15840766.0,1.05
2022-08-26,440793,192377.0,1985915.0,624.0,38514.0,16053900.0,1.01
2022-08-27,148087,180125.0,1961511.0,627.0,38762.0,16244976.0,0.99
2022-08-28,111230,157788.0,1921837.0,628.0,38997.0,16434771.0,0.96
2022-08-29,292644,95898.0,1829956.0,618.0,39245.0,16656930.0,0.95
2022-08-30,432524,152529.0,1753226.0,591.0,39556.0,16854685.0,0.93
2022-08-31,348279,169771.0,1719221.0,555.0,39872.0,17088858.0,0.92
2022-09-01,303658,149868.0,1683417.0,539.0,40190.0,17272044.0,0.91
2022-09-02,281775,128691.0,1677140.0,506.0,40537.0,17427222.0,0.9
2022-09-03,120134,123072.0,1606815.0,523.0,40821.0,17598817.0,0.9
2022-09-04,104997,107781.0,1543358.0,519.0,41046.0,17758086.0,0.9
2022-09-05,218656,68019.0,1449492.0,512.0,41285.0,17919415.0,0.9
2022-09-06,223365,112175.0,1385889.0,474.0,41567.0,18092519.0,0.9
2022-09-07,274501,129771.0,1345473.0,471.0,41832.0,18278904.0,0.9
2022-09-08,186965,112391.0,1244848.0,461.0,42093.0,18479776.0,0.91
2022-09-09,273443,99474.0,1083907.0,443.0,42305.0,18753088.0,0.91
2022-09-10,110177,92721.0,1032967.0,419.0,42502.0,18879978.0,0.92
2022-09-11,77414,81470.0,983042.0,412.0,42629.0,19002088.0,0.92
2022-09-12,233160,52897.0,916610.0,412.0,42786.0,19132305.0,0.92
2022-09-13,249632,87548.0,871058.0,376.0,42977.0,19243429.0,0.93
2022-09-14,194693,100249.0,831000.0,364.0,43169.0,19393854.0,0.93
2022-09-15,190767,85851.0,804414.0,326.0,43339.0,19496549.0,0.93
2022-09-16,188553,75931.0,769498.0,309.0,43525.0,19613598.0,0.93
2022-09-17,110500,70964.0,746325.0,311.0,43664.0,19695206.0,0.93
2022-09-18,81920,64018.0,728166.0,300.0,43746.0,19766830.0,0.93
2022-09-19,28467,38048.0,694280.0,299.0,43819.0,19837783.0,0.93
2022-09-20,198571,31738.0,646328.0,301.0,43943.0,19922755.0,0.91
2022-09-21,268342,69821.0,599992.0,276.0,44063.0,20037337.0,0.9
2022-09-22,163681,77371.0,594169.0,262.0,44169.0,20106061.0,0.91
2022-09-23,128758,63849.0,580054.0,238.0,44254.0,20180589.0,0.91
2022-09-24,30106,39198.0,558135.0,239.0,44323.0,20239426.0,0.9
2022-09-25,36595,46766.0,530394.0,232.0,44367.0,20299978.0,0.9
2022-09-26,187751,43563.0,517891.0,225.0,44455.0,20358135.0,0.91
2022-09-27,0,40856.0,517891.0,225.0,44455.0,20358135.0,0.94
2022-09-28,172883,49979.0,512966.0,204.0,44551.0,20366417.0,0.95
2022-09-29,173492,42173.0,512175.0,188.0,44678.0,20373470.0,0.93
2022-09-30,346582,36646.0,503423.0,178.0,44789.0,20381524.0,0.91
2022-10-01,155259,35418.0,498409.0,165.0,44894.0,20393893.0,0.93
2022-10-02,60042,29492.0,492194.0,162.0,44965.0,20398296.0,0.92
2022-10-03,27033,15167.0,490973.0,162.0,45018.0,20400911.0,0.89
2022-10-04,129438,39723.0,483653.0,167.0,45083.0,20405373.0,0.88
2022-10-05,128565,41193.0,481346.0,160.0,45157.0,20407940.0,0.89
